{"Name":"YUPPTV","Latitude":17.415429,"Longitude":78.434422}
{"Name":"Meteor Games","Latitude":34.09316,"Longitude":-118.378335}
{"Name":"[212]Media","Latitude":40.743877,"Longitude":-73.98618}
{"Name":"Origin Digital","Latitude":40.761979,"Longitude":-74.026033}
{"Name":"hi5","Latitude":37.788668,"Longitude":-122.400558}
{"Name":"mig33","Latitude":37.580304,"Longitude":-122.343679}
{"Name":"Social Gaming Network","Latitude":37.446823,"Longitude":-122.161523}
{"Name":"Social Gaming Network","Latitude":34.0698494,"Longitude":-118.4054182}
{"Name":"VBS TV","Latitude":40.720764,"Longitude":-73.957968}
{"Name":"ZillionTV","Latitude":37.3738725,"Longitude":-121.9973546}
{"Name":"ZillionTV","Latitude":34.016838,"Longitude":-118.500603}
{"Name":"Exent","Latitude":40.7523796,"Longitude":-74.005568}
{"Name":"Exent","Latitude":37.787646,"Longitude":-122.402759}
{"Name":"iWin","Latitude":37.781689,"Longitude":-122.391061}
{"Name":"2 Minutes","Latitude":48.8502056,"Longitude":2.3698033}
{"Name":"RockYou","Latitude":37.484619,"Longitude":-122.206893}
{"Name":"Zynga","Latitude":37.765158,"Longitude":-122.404234}
{"Name":"Livestream","Latitude":40.726155,"Longitude":-73.995625}
{"Name":"Modern Feed","Latitude":34.085749,"Longitude":-118.343791}
{"Name":"RGB Networks","Latitude":37.4123706,"Longitude":-122.0216271}
{"Name":"Z2Live","Latitude":47.6103008,"Longitude":-122.3399782}
{"Name":"Boonty","Latitude":40.717248,"Longitude":-74.002662}
{"Name":"ngmoco","Latitude":37.7705096,"Longitude":-122.4015807}
{"Name":"i-Jet Media","Latitude":37.384239,"Longitude":-122.012475}
{"Name":"NaturalMotion","Latitude":37.7875304,"Longitude":-122.3989996}
